image_id,filename,source_set,source_modality,metadata_source,filename_datetime,split,image_path,semantic_mask_path,overall_mask_path,width,height,total_objects,raw_width,raw_height,exif_orientation,camera_make,camera_model,datetime_original,raw_bytes,release_bytes,raw_sha256,release_sha256,overall_mask_pixels,union_mismatch_pixels,overlap_pixels,source_mask_ambiguous_pixels,brightness_mean,brightness_std,sharpness_laplacian_var,saturation_mean,green_immature_objects,green_immature_mask_path,green_immature_mask_pixels,green_immature_component_count,green_immature_coverage_percent,pale_pink_objects,pale_pink_mask_path,pale_pink_mask_pixels,pale_pink_component_count,pale_pink_coverage_percent,pink_turns_purple_objects,pink_turns_purple_mask_path,pink_turns_purple_mask_pixels,pink_turns_purple_component_count,pink_turns_purple_coverage_percent,fully_ripe_objects,fully_ripe_mask_path,fully_ripe_mask_pixels,fully_ripe_component_count,fully_ripe_coverage_percent,over_ripe_objects,over_ripe_mask_path,over_ripe_mask_pixels,over_ripe_component_count,over_ripe_coverage_percent
00001_20260212_161655_f00000093_t000003.100s,00001_20260212_161655_f00000093_t000003.100s.jpg,frames_set_1,video_frame,filename_derived,2026:02:12 16:16:55,train,dataset/images/00001_20260212_161655_f00000093_t000003.100s.jpg,dataset/masks_semantic/00001_20260212_161655_f00000093_t000003.100s.png,dataset/masks_overall/00001_20260212_161655_f00000093_t000003.100s.png,4320,7680,110,4320,7680,1,,video frame,2026:02:12 16:16:55,7029517,6930160,067342a13d6f30b2cfc7119f4546530b2f7a5b22857093b32b1c615fa7022ab4,f22ab507f44ea27c8a23753267f6bb8f157c3a9bfef2cffa57c8b7d6c191286d,1595822,0,14,0,106.97295379638672,56.97032928466797,3714.373291015625,151.24549865722656,99,dataset/masks_binary/green_immature/00001_20260212_161655_f00000093_t000003.100s.png,1456504,57,4.390022183641976,0,dataset/masks_binary/pale_pink/00001_20260212_161655_f00000093_t000003.100s.png,0,0,0.0,3,dataset/masks_binary/pink_turns_purple/00001_20260212_161655_f00000093_t000003.100s.png,50909,3,0.153443889853395,5,dataset/masks_binary/fully_ripe/00001_20260212_161655_f00000093_t000003.100s.png,6999,5,0.021095558449074,3,dataset/masks_binary/over_ripe/00001_20260212_161655_f00000093_t000003.100s.png,81424,2,0.2454185956790123
00006_20260212_161655_f00000175_t000005.834s,00006_20260212_161655_f00000175_t000005.834s.jpg,frames_set_1,video_frame,filename_derived,2026:02:12 16:16:55,train,dataset/images/00006_20260212_161655_f00000175_t000005.834s.jpg,dataset/masks_semantic/00006_20260212_161655_f00000175_t000005.834s.png,dataset/masks_overall/00006_20260212_161655_f00000175_t000005.834s.png,4320,7680,172,4320,7680,1,,video frame,2026:02:12 16:16:55,6739294,6640406,d2697058ed83f5e6aad42bd7bfc82d86ab01c9d4ce5e78f8bce00b6dc0618d9c,c6c5bbd5eccc535fb90c117e1a677ab1fe253cf07c91c131a2d3ec2143a8917f,2910400,0,3,0,113.59837341308594,59.802852630615234,3340.260986328125,126.14418029785156,124,dataset/masks_binary/green_immature/00006_20260212_161655_f00000175_t000005.834s.png,2040897,68,6.151430483217593,6,dataset/masks_binary/pale_pink/00006_20260212_161655_f00000175_t000005.834s.png,86214,6,0.2598560474537037,4,dataset/masks_binary/pink_turns_purple/00006_20260212_161655_f00000175_t000005.834s.png,108139,3,0.3259397907021605,15,dataset/masks_binary/fully_ripe/00006_20260212_161655_f00000175_t000005.834s.png,270908,12,0.8165388695987654,23,dataset/masks_binary/over_ripe/00006_20260212_161655_f00000175_t000005.834s.png,404245,17,1.218427493248457
00007_20260212_161655_f00000198_t000006.601s,00007_20260212_161655_f00000198_t000006.601s.jpg,frames_set_1,video_frame,filename_derived,2026:02:12 16:16:55,test,dataset/images/00007_20260212_161655_f00000198_t000006.601s.jpg,dataset/masks_semantic/00007_20260212_161655_f00000198_t000006.601s.png,dataset/masks_overall/00007_20260212_161655_f00000198_t000006.601s.png,4320,7680,154,4320,7680,1,,video frame,2026:02:12 16:16:55,6064849,6009540,e258e285e8d64ed52eaac93536242fd87fc1d3d8b0f75078ed411002893d5e71,11a9b834493137dd57c55c6d0d85765e85f0599acb03a58cc8c1bec50d9293bd,2968331,0,0,0,116.59071350097656,62.014915466308594,2630.392578125,122.53034210205078,120,dataset/masks_binary/green_immature/00007_20260212_161655_f00000198_t000006.601s.png,1879083,59,5.663709852430555,3,dataset/masks_binary/pale_pink/00007_20260212_161655_f00000198_t000006.601s.png,20175,2,0.0608091001157407,3,dataset/masks_binary/pink_turns_purple/00007_20260212_161655_f00000198_t000006.601s.png,169343,3,0.5104136525848765,25,dataset/masks_binary/fully_ripe/00007_20260212_161655_f00000198_t000006.601s.png,836073,16,2.519992404513889,3,dataset/masks_binary/over_ripe/00007_20260212_161655_f00000198_t000006.601s.png,63657,2,0.1918674045138889
00009_20260212_161655_f00000213_t000007.101s,00009_20260212_161655_f00000213_t000007.101s.jpg,frames_set_1,video_frame,filename_derived,2026:02:12 16:16:55,train,dataset/images/00009_20260212_161655_f00000213_t000007.101s.jpg,dataset/masks_semantic/00009_20260212_161655_f00000213_t000007.101s.png,dataset/masks_overall/00009_20260212_161655_f00000213_t000007.101s.png,4320,7680,180,4320,7680,1,,video frame,2026:02:12 16:16:55,5966000,5910750,e947cb21538af425592f00fb04b0bd309bc289a86abae8c9b48428f2ca50fbf0,ddca5108f4dccae5a07cd0575f1c95e3c017ca8e822e46070901ccf95b4a435f,2621282,0,7,0,115.87754821777344,63.819854736328125,2351.728759765625,118.7393798828125,129,dataset/masks_binary/green_immature/00009_20260212_161655_f00000213_t000007.101s.png,1771928,70,5.340735918209877,0,dataset/masks_binary/pale_pink/00009_20260212_161655_f00000213_t000007.101s.png,0,0,0.0,5,dataset/masks_binary/pink_turns_purple/00009_20260212_161655_f00000213_t000007.101s.png,148552,5,0.4477478780864197,42,dataset/masks_binary/fully_ripe/00009_20260212_161655_f00000213_t000007.101s.png,500836,27,1.5095606674382716,4,dataset/masks_binary/over_ripe/00009_20260212_161655_f00000213_t000007.101s.png,199973,3,0.602734977816358
00019_20260212_161655_f00000327_t000010.901s,00019_20260212_161655_f00000327_t000010.901s.jpg,frames_set_1,video_frame,filename_derived,2026:02:12 16:16:55,test,dataset/images/00019_20260212_161655_f00000327_t000010.901s.jpg,dataset/masks_semantic/00019_20260212_161655_f00000327_t000010.901s.png,dataset/masks_overall/00019_20260212_161655_f00000327_t000010.901s.png,4320,7680,136,4320,7680,1,,video frame,2026:02:12 16:16:55,6274955,6213580,018d88e70354323c868e8d0a2c1a8d8b8c0b5a1d874d4da27055015e1f61194e,5fe51eaf0351c6b7e68e3abfe18ff4a9d351a4aef4077ac12ce910e74ab6ae5b,2776125,0,8,0,110.99795532226562,62.01095199584961,2682.9208984375,112.91422271728516,80,dataset/masks_binary/green_immature/00019_20260212_161655_f00000327_t000010.901s.png,1270972,49,3.8308135609567904,2,dataset/masks_binary/pale_pink/00019_20260212_161655_f00000327_t000010.901s.png,131179,2,0.395384235146605,8,dataset/masks_binary/pink_turns_purple/00019_20260212_161655_f00000327_t000010.901s.png,251740,8,0.758764949845679,41,dataset/masks_binary/fully_ripe/00019_20260212_161655_f00000327_t000010.901s.png,1076511,24,3.244692201967593,5,dataset/masks_binary/over_ripe/00019_20260212_161655_f00000327_t000010.901s.png,45731,5,0.1378369743441358
00020_20260212_161655_f00000342_t000011.401s,00020_20260212_161655_f00000342_t000011.401s.jpg,frames_set_1,video_frame,filename_derived,2026:02:12 16:16:55,train,dataset/images/00020_20260212_161655_f00000342_t000011.401s.jpg,dataset/masks_semantic/00020_20260212_161655_f00000342_t000011.401s.png,dataset/masks_overall/00020_20260212_161655_f00000342_t000011.401s.png,4320,7680,123,4320,7680,1,,video frame,2026:02:12 16:16:55,6138829,6082218,cfc541b91123b539d230d1fefadb01a030dbc0f64b81cf8c00f6769fc30f5931,1e7374745b720093ab21f6b6ce9a1d9136ad861f4038aecd0ed5690f818590a5,2816799,0,5,0,113.68221282958984,59.11479187011719,2404.02294921875,112.25560760498048,81,dataset/masks_binary/green_immature/00020_20260212_161655_f00000342_t000011.401s.png,1479488,47,4.459297839506173,7,dataset/masks_binary/pale_pink/00020_20260212_161655_f00000342_t000011.401s.png,336597,7,1.0145308883101851,2,dataset/masks_binary/pink_turns_purple/00020_20260212_161655_f00000342_t000011.401s.png,52199,2,0.1573320553626543,30,dataset/masks_binary/fully_ripe/00020_20260212_161655_f00000342_t000011.401s.png,921609,19,2.777804904513889,3,dataset/masks_binary/over_ripe/00020_20260212_161655_f00000342_t000011.401s.png,26911,3,0.0811119550540123
00022_20260212_161655_f00000367_t000012.235s,00022_20260212_161655_f00000367_t000012.235s.jpg,frames_set_1,video_frame,filename_derived,2026:02:12 16:16:55,train,dataset/images/00022_20260212_161655_f00000367_t000012.235s.jpg,dataset/masks_semantic/00022_20260212_161655_f00000367_t000012.235s.png,dataset/masks_overall/00022_20260212_161655_f00000367_t000012.235s.png,4320,7680,184,4320,7680,1,,video frame,2026:02:12 16:16:55,6365190,6280178,3b844bc073e5006842d722a2f084878acfee4940cf03c2d52af75de30b08f551,fbcd6de03a69d5a17286136a6968d6f3f39b1310f42030feef26154a732f60da,2340361,0,50,0,112.24769592285156,59.34498977661133,3043.441162109375,115.49324798583984,140,dataset/masks_binary/green_immature/00022_20260212_161655_f00000367_t000012.235s.png,1595219,85,4.808120539158951,3,dataset/masks_binary/pale_pink/00022_20260212_161655_f00000367_t000012.235s.png,54752,3,0.1650270061728395,8,dataset/masks_binary/pink_turns_purple/00022_20260212_161655_f00000367_t000012.235s.png,132365,8,0.3989589361496914,17,dataset/masks_binary/fully_ripe/00022_20260212_161655_f00000367_t000012.235s.png,143186,18,0.4315743152006173,16,dataset/masks_binary/over_ripe/00022_20260212_161655_f00000367_t000012.235s.png,414889,11,1.2505093798225309
00026_20260212_161655_f00000404_t000013.468s,00026_20260212_161655_f00000404_t000013.468s.jpg,frames_set_1,video_frame,filename_derived,2026:02:12 16:16:55,train,dataset/images/00026_20260212_161655_f00000404_t000013.468s.jpg,dataset/masks_semantic/00026_20260212_161655_f00000404_t000013.468s.png,dataset/masks_overall/00026_20260212_161655_f00000404_t000013.468s.png,4320,7680,177,4320,7680,1,,video frame,2026:02:12 16:16:55,6122098,6071380,a0ae1d18d7b3f3f33e13de8b6738a9ed42268b0e8bce2703312ec1e3ea192cae,141a967a74d6ec691b03d6260bce69edf8c7d7b6a91e044d2199caf6957d6b69,2431760,0,16,0,109.42861938476562,61.37137222290039,2620.7666015625,115.99110412597656,130,dataset/masks_binary/green_immature/00026_20260212_161655_f00000404_t000013.468s.png,1588290,88,4.787235966435185,8,dataset/masks_binary/pale_pink/00026_20260212_161655_f00000404_t000013.468s.png,143012,8,0.4310498649691358,1,dataset/masks_binary/pink_turns_purple/00026_20260212_161655_f00000404_t000013.468s.png,17228,1,0.0519266010802469,31,dataset/masks_binary/fully_ripe/00026_20260212_161655_f00000404_t000013.468s.png,328231,23,0.9893150800540124,7,dataset/masks_binary/over_ripe/00026_20260212_161655_f00000404_t000013.468s.png,355015,5,1.070044246720679
00031_20260212_161655_f00000461_t000015.368s,00031_20260212_161655_f00000461_t000015.368s.jpg,frames_set_1,video_frame,filename_derived,2026:02:12 16:16:55,train,dataset/images/00031_20260212_161655_f00000461_t000015.368s.jpg,dataset/masks_semantic/00031_20260212_161655_f00000461_t000015.368s.png,dataset/masks_overall/00031_20260212_161655_f00000461_t000015.368s.png,4320,7680,121,4320,7680,1,,video frame,2026:02:12 16:16:55,5485356,5453600,9030675ad1ee44b5201a277466750fda57eba83de94bb1a444a1adf5f127a2f6,1d6394936496015e245db1c34272b49523f3bde68df34f8466e07b68849afe06,2778758,0,8,0,115.34146881103516,59.16542816162109,1835.0379638671875,112.97953033447266,94,dataset/masks_binary/green_immature/00031_20260212_161655_f00000461_t000015.368s.png,2048200,60,6.173442322530864,3,dataset/masks_binary/pale_pink/00031_20260212_161655_f00000461_t000015.368s.png,27692,3,0.0834659529320987,3,dataset/masks_binary/pink_turns_purple/00031_20260212_161655_f00000461_t000015.368s.png,111705,3,0.3366880063657407,4,dataset/masks_binary/fully_ripe/00031_20260212_161655_f00000461_t000015.368s.png,53753,3,0.1620159384645061,17,dataset/masks_binary/over_ripe/00031_20260212_161655_f00000461_t000015.368s.png,537416,11,1.6198157793209875
00032_20260212_161655_f00000477_t000015.902s,00032_20260212_161655_f00000477_t000015.902s.jpg,frames_set_1,video_frame,filename_derived,2026:02:12 16:16:55,train,dataset/images/00032_20260212_161655_f00000477_t000015.902s.jpg,dataset/masks_semantic/00032_20260212_161655_f00000477_t000015.902s.png,dataset/masks_overall/00032_20260212_161655_f00000477_t000015.902s.png,4320,7680,125,4320,7680,1,,video frame,2026:02:12 16:16:55,6288076,6222951,6738fcfaf91b62c8381965a83ede646101a203eace22dcacd0e3cea532b35a72,29f8358a4480d79cc73dedb03f23865ef823c8232bffcff54687497805d23321,2013789,0,0,0,114.82516479492188,60.128692626953125,2550.25341796875,108.70826721191406,97,dataset/masks_binary/green_immature/00032_20260212_161655_f00000477_t000015.902s.png,1355021,51,4.084144121334877,1,dataset/masks_binary/pale_pink/00032_20260212_161655_f00000477_t000015.902s.png,23222,1,0.0699930073302469,2,dataset/masks_binary/pink_turns_purple/00032_20260212_161655_f00000477_t000015.902s.png,94886,2,0.2859941647376543,6,dataset/masks_binary/fully_ripe/00032_20260212_161655_f00000477_t000015.902s.png,153589,5,0.4629298080632716,19,dataset/masks_binary/over_ripe/00032_20260212_161655_f00000477_t000015.902s.png,387071,14,1.1666636525848766
00034_20260212_161655_f00000544_t000018.135s,00034_20260212_161655_f00000544_t000018.135s.jpg,frames_set_1,video_frame,filename_derived,2026:02:12 16:16:55,train,dataset/images/00034_20260212_161655_f00000544_t000018.135s.jpg,dataset/masks_semantic/00034_20260212_161655_f00000544_t000018.135s.png,dataset/masks_overall/00034_20260212_161655_f00000544_t000018.135s.png,4320,7680,138,4320,7680,1,,video frame,2026:02:12 16:16:55,6471343,6382269,a32b75b5cd2a7293102f8082ab882d3a872494449d293f84198735e16687e1e8,d6d510d062ffae6612fe2b5e3ddebeaf44eb78aa4dd17dbd228107dc45247c4a,2229253,0,4,0,116.27448272705078,58.55540084838867,3154.881103515625,117.26493072509766,78,dataset/masks_binary/green_immature/00034_20260212_161655_f00000544_t000018.135s.png,1063662,53,3.205964265046296,3,dataset/masks_binary/pale_pink/00034_20260212_161655_f00000544_t000018.135s.png,54380,3,0.1639057677469136,3,dataset/masks_binary/pink_turns_purple/00034_20260212_161655_f00000544_t000018.135s.png,68302,3,0.2058678144290123,29,dataset/masks_binary/fully_ripe/00034_20260212_161655_f00000544_t000018.135s.png,236539,27,0.7129478925540124,25,dataset/masks_binary/over_ripe/00034_20260212_161655_f00000544_t000018.135s.png,806374,21,2.4304771894290123
00037_20260212_161655_f00000604_t000020.135s,00037_20260212_161655_f00000604_t000020.135s.jpg,frames_set_1,video_frame,filename_derived,2026:02:12 16:16:55,train,dataset/images/00037_20260212_161655_f00000604_t000020.135s.jpg,dataset/masks_semantic/00037_20260212_161655_f00000604_t000020.135s.png,dataset/masks_overall/00037_20260212_161655_f00000604_t000020.135s.png,4320,7680,113,4320,7680,1,,video frame,2026:02:12 16:16:55,5213421,5189522,3dbc4859ffcdcd6eeab751c21f6465712689c57fc78620413adc7d089e02413d,5ccffc8c66a267dee420c7dc4dfca4118ce2364924003496d0cb5b1efbe1256a,1802061,0,6,0,109.38381958007812,58.89078140258789,1469.2745361328125,121.84613800048828,93,dataset/masks_binary/green_immature/00037_20260212_161655_f00000604_t000020.135s.png,1556969,67,4.692831910686728,2,dataset/masks_binary/pale_pink/00037_20260212_161655_f00000604_t000020.135s.png,48232,2,0.1453751929012345,4,dataset/masks_binary/pink_turns_purple/00037_20260212_161655_f00000604_t000020.135s.png,78848,4,0.2376543209876543,9,dataset/masks_binary/fully_ripe/00037_20260212_161655_f00000604_t000020.135s.png,45999,10,0.1386447482638889,5,dataset/masks_binary/over_ripe/00037_20260212_161655_f00000604_t000020.135s.png,72019,5,0.2170711564429012
00039_20260212_161655_f00000639_t000021.302s,00039_20260212_161655_f00000639_t000021.302s.jpg,frames_set_1,video_frame,filename_derived,2026:02:12 16:16:55,train,dataset/images/00039_20260212_161655_f00000639_t000021.302s.jpg,dataset/masks_semantic/00039_20260212_161655_f00000639_t000021.302s.png,dataset/masks_overall/00039_20260212_161655_f00000639_t000021.302s.png,4320,7680,99,4320,7680,1,,video frame,2026:02:12 16:16:55,6174352,6121108,8663f69aa8d4e86454f16809fa3f50939d78705ad5ee4218d5c5eb9585a3dd64,91b9118de02eb803d64594f9cdd0d59d90837b07bce094d4560db1a4875c5611,1123163,0,0,0,104.86290740966795,56.56409454345703,2565.21875,128.05453491210938,82,dataset/masks_binary/green_immature/00039_20260212_161655_f00000639_t000021.302s.png,881611,60,2.657247661072531,0,dataset/masks_binary/pale_pink/00039_20260212_161655_f00000639_t000021.302s.png,0,0,0.0,2,dataset/masks_binary/pink_turns_purple/00039_20260212_161655_f00000639_t000021.302s.png,69201,2,0.2085774739583333,5,dataset/masks_binary/fully_ripe/00039_20260212_161655_f00000639_t000021.302s.png,20821,5,0.0627561969521604,10,dataset/masks_binary/over_ripe/00039_20260212_161655_f00000639_t000021.302s.png,151530,9,0.4567238136574074
00040_20260212_161655_f00000672_t000022.402s,00040_20260212_161655_f00000672_t000022.402s.jpg,frames_set_1,video_frame,filename_derived,2026:02:12 16:16:55,val,dataset/images/00040_20260212_161655_f00000672_t000022.402s.jpg,dataset/masks_semantic/00040_20260212_161655_f00000672_t000022.402s.png,dataset/masks_overall/00040_20260212_161655_f00000672_t000022.402s.png,4320,7680,132,4320,7680,1,,video frame,2026:02:12 16:16:55,6149533,6094964,bd2f69d86ca228b37e3fda1dfd26118d2e246196af4124619244a513b7062c59,d3215382983d7cbc302c0beb2656ace723d88f5c3122f6e84afbcd482668bf70,2825542,0,4,0,113.4426498413086,59.99004364013672,2659.5380859375,123.43022918701172,108,dataset/masks_binary/green_immature/00040_20260212_161655_f00000672_t000022.402s.png,2044916,58,6.163544077932099,1,dataset/masks_binary/pale_pink/00040_20260212_161655_f00000672_t000022.402s.png,4027,1,0.0121377073688271,1,dataset/masks_binary/pink_turns_purple/00040_20260212_161655_f00000672_t000022.402s.png,54593,1,0.1645477671682098,7,dataset/masks_binary/fully_ripe/00040_20260212_161655_f00000672_t000022.402s.png,144695,6,0.4361225646219136,15,dataset/masks_binary/over_ripe/00040_20260212_161655_f00000672_t000022.402s.png,577315,13,1.7400746286651236
00041_20260212_161655_f00000707_t000023.569s,00041_20260212_161655_f00000707_t000023.569s.jpg,frames_set_1,video_frame,filename_derived,2026:02:12 16:16:55,train,dataset/images/00041_20260212_161655_f00000707_t000023.569s.jpg,dataset/masks_semantic/00041_20260212_161655_f00000707_t000023.569s.png,dataset/masks_overall/00041_20260212_161655_f00000707_t000023.569s.png,4320,7680,153,4320,7680,1,,video frame,2026:02:12 16:16:55,7083253,6969632,e4125a449bc84524e3b791ae6abff96aafbe7abf2c9c4a664f5b44cf04cd7185,0f2f7fd872d805165918cc2a2670947713e2508b9b55dc78d13d833e6efff803,2628178,0,17,0,114.61656188964844,59.70696640014648,3085.01416015625,124.20687103271484,115,dataset/masks_binary/green_immature/00041_20260212_161655_f00000707_t000023.569s.png,1784873,54,5.3797532069830245,3,dataset/masks_binary/pale_pink/00041_20260212_161655_f00000707_t000023.569s.png,72889,3,0.2196934076003086,3,dataset/masks_binary/pink_turns_purple/00041_20260212_161655_f00000707_t000023.569s.png,40793,3,0.1229534384645061,10,dataset/masks_binary/fully_ripe/00041_20260212_161655_f00000707_t000023.569s.png,105281,8,0.3173255449459877,22,dataset/masks_binary/over_ripe/00041_20260212_161655_f00000707_t000023.569s.png,624359,18,1.8818690923996912
00045_20260212_161655_f00000734_t000024.469s,00045_20260212_161655_f00000734_t000024.469s.jpg,frames_set_1,video_frame,filename_derived,2026:02:12 16:16:55,val,dataset/images/00045_20260212_161655_f00000734_t000024.469s.jpg,dataset/masks_semantic/00045_20260212_161655_f00000734_t000024.469s.png,dataset/masks_overall/00045_20260212_161655_f00000734_t000024.469s.png,4320,7680,209,4320,7680,1,,video frame,2026:02:12 16:16:55,6534846,6454898,84eb90c8294faf8f0a6300ded03be07912b821169e3bd933c61b48be3f6ffb8c,01a73ff7dfb0a323c3cb71518d3d78c6751dc623cc50136fdea850c51aac95ee,2567521,0,12,0,120.37393951416016,60.85375595092773,3004.00390625,114.91152954101562,159,dataset/masks_binary/green_immature/00045_20260212_161655_f00000734_t000024.469s.png,1718118,76,5.178548177083334,4,dataset/masks_binary/pale_pink/00045_20260212_161655_f00000734_t000024.469s.png,64389,4,0.1940737123842592,4,dataset/masks_binary/pink_turns_purple/00045_20260212_161655_f00000734_t000024.469s.png,104762,4,0.3157612364969135,13,dataset/masks_binary/fully_ripe/00045_20260212_161655_f00000734_t000024.469s.png,101924,10,0.3072072723765432,29,dataset/masks_binary/over_ripe/00045_20260212_161655_f00000734_t000024.469s.png,578340,22,1.7431640625000002
00054_20260212_161655_f00000813_t000027.103s,00054_20260212_161655_f00000813_t000027.103s.jpg,frames_set_1,video_frame,filename_derived,2026:02:12 16:16:55,train,dataset/images/00054_20260212_161655_f00000813_t000027.103s.jpg,dataset/masks_semantic/00054_20260212_161655_f00000813_t000027.103s.png,dataset/masks_overall/00054_20260212_161655_f00000813_t000027.103s.png,4320,7680,166,4320,7680,1,,video frame,2026:02:12 16:16:55,6729998,6635905,2a8d01e5130a4f284698b57ee3e4dec1d682139503539c8ee2273bbf40ce9c6e,ca491625a228e433da1014727f991e28c40a46768a0d52410f25a7952c65f21f,2172872,0,0,0,110.701904296875,61.42831039428711,2949.569091796875,112.86534118652344,135,dataset/masks_binary/green_immature/00054_20260212_161655_f00000813_t000027.103s.png,1895501,61,5.713195047260802,4,dataset/masks_binary/pale_pink/00054_20260212_161655_f00000813_t000027.103s.png,46837,3,0.1411705488040123,0,dataset/masks_binary/pink_turns_purple/00054_20260212_161655_f00000813_t000027.103s.png,0,0,0.0,20,dataset/masks_binary/fully_ripe/00054_20260212_161655_f00000813_t000027.103s.png,142853,15,0.4305706259645062,7,dataset/masks_binary/over_ripe/00054_20260212_161655_f00000813_t000027.103s.png,87681,6,0.2642777054398148
00061_20260212_161655_f00000907_t000030.236s,00061_20260212_161655_f00000907_t000030.236s.jpg,frames_set_1,video_frame,filename_derived,2026:02:12 16:16:55,train,dataset/images/00061_20260212_161655_f00000907_t000030.236s.jpg,dataset/masks_semantic/00061_20260212_161655_f00000907_t000030.236s.png,dataset/masks_overall/00061_20260212_161655_f00000907_t000030.236s.png,4320,7680,193,4320,7680,1,,video frame,2026:02:12 16:16:55,7146668,7017926,226bfe6a88f4b7e997295f4f21f3b67b744c286f7e65ab9389e6fe23aa942dd6,37671793a5dec8d99236c6fc1eb593e43b9103a587c43c38d829372498dfb907,2140813,0,21,0,107.49254608154295,52.30553817749024,3537.239501953125,134.0192108154297,148,dataset/masks_binary/green_immature/00061_20260212_161655_f00000907_t000030.236s.png,1608277,87,4.847478419174383,9,dataset/masks_binary/pale_pink/00061_20260212_161655_f00000907_t000030.236s.png,199273,7,0.6006251205632717,1,dataset/masks_binary/pink_turns_purple/00061_20260212_161655_f00000907_t000030.236s.png,29216,1,0.0880594135802469,31,dataset/masks_binary/fully_ripe/00061_20260212_161655_f00000907_t000030.236s.png,249300,28,0.7514105902777778,4,dataset/masks_binary/over_ripe/00061_20260212_161655_f00000907_t000030.236s.png,54768,4,0.1650752314814814
00082_20260212_161655_f00001136_t000037.870s,00082_20260212_161655_f00001136_t000037.870s.jpg,frames_set_1,video_frame,filename_derived,2026:02:12 16:16:55,test,dataset/images/00082_20260212_161655_f00001136_t000037.870s.jpg,dataset/masks_semantic/00082_20260212_161655_f00001136_t000037.870s.png,dataset/masks_overall/00082_20260212_161655_f00001136_t000037.870s.png,4320,7680,174,4320,7680,1,,video frame,2026:02:12 16:16:55,6424253,6344670,c4bac0c7f225563ca788c1cf91ad27a85496708c9deba2118efed78d91bdb74f,347788d813a6fbb610a87cc02a431d37596495a8d1b25f042246ff3a591259d9,2495307,0,15,0,112.12702941894533,59.81887435913086,3139.02001953125,122.93582153320312,138,dataset/masks_binary/green_immature/00082_20260212_161655_f00001136_t000037.870s.png,1894948,75,5.711528260030864,2,dataset/masks_binary/pale_pink/00082_20260212_161655_f00001136_t000037.870s.png,46294,2,0.1395339023919753,3,dataset/masks_binary/pink_turns_purple/00082_20260212_161655_f00001136_t000037.870s.png,59317,3,0.1787862895447531,22,dataset/masks_binary/fully_ripe/00082_20260212_161655_f00001136_t000037.870s.png,339460,19,1.0231602044753083,9,dataset/masks_binary/over_ripe/00082_20260212_161655_f00001136_t000037.870s.png,155303,7,0.4680959442515432
00087_20260212_161655_f00001187_t000039.571s,00087_20260212_161655_f00001187_t000039.571s.jpg,frames_set_1,video_frame,filename_derived,2026:02:12 16:16:55,train,dataset/images/00087_20260212_161655_f00001187_t000039.571s.jpg,dataset/masks_semantic/00087_20260212_161655_f00001187_t000039.571s.png,dataset/masks_overall/00087_20260212_161655_f00001187_t000039.571s.png,4320,7680,177,4320,7680,1,,video frame,2026:02:12 16:16:55,6882936,6777216,a1a164d0141e608d8cb6cdd21171bef8ec88630a919c3a2baea4a1e71f235b00,3eeb7fd523c1ffed945cbb70c815ef4b62dec2924e62e36166a673249ed2b328,1908433,0,12,0,107.06574249267578,57.34644317626953,3429.9990234375,129.1603240966797,123,dataset/masks_binary/green_immature/00087_20260212_161655_f00001187_t000039.571s.png,1292513,91,3.89573989679784,0,dataset/masks_binary/pale_pink/00087_20260212_161655_f00001187_t000039.571s.png,0,0,0.0,11,dataset/masks_binary/pink_turns_purple/00087_20260212_161655_f00001187_t000039.571s.png,135044,11,0.4070336612654321,25,dataset/masks_binary/fully_ripe/00087_20260212_161655_f00001187_t000039.571s.png,178578,25,0.5382486979166666,18,dataset/masks_binary/over_ripe/00087_20260212_161655_f00001187_t000039.571s.png,302310,14,0.9111870659722222
00095_20260212_161655_f00001253_t000041.771s,00095_20260212_161655_f00001253_t000041.771s.jpg,frames_set_1,video_frame,filename_derived,2026:02:12 16:16:55,train,dataset/images/00095_20260212_161655_f00001253_t000041.771s.jpg,dataset/masks_semantic/00095_20260212_161655_f00001253_t000041.771s.png,dataset/masks_overall/00095_20260212_161655_f00001253_t000041.771s.png,4320,7680,170,4320,7680,1,,video frame,2026:02:12 16:16:55,6602965,6512545,b18fa153479ae08587724962d01ee44b199c27fa3cefbd8c45a52e10ce1e86ea,41fe182d85d747a501acd8eddae0a169bca57feed677f0601dbaa8becc1f50ac,2304632,0,38,0,105.0676498413086,59.19770050048828,3171.16650390625,121.83515167236328,116,dataset/masks_binary/green_immature/00095_20260212_161655_f00001253_t000041.771s.png,1510322,73,4.552234037422839,1,dataset/masks_binary/pale_pink/00095_20260212_161655_f00001253_t000041.771s.png,31399,1,0.0946391541280864,2,dataset/masks_binary/pink_turns_purple/00095_20260212_161655_f00001253_t000041.771s.png,5402,2,0.0162820698302469,15,dataset/masks_binary/fully_ripe/00095_20260212_161655_f00001253_t000041.771s.png,134939,16,0.4067171826774691,36,dataset/masks_binary/over_ripe/00095_20260212_161655_f00001253_t000041.771s.png,622608,30,1.876591435185185
00101_20260212_161655_f00001342_t000044.738s,00101_20260212_161655_f00001342_t000044.738s.jpg,frames_set_1,video_frame,filename_derived,2026:02:12 16:16:55,train,dataset/images/00101_20260212_161655_f00001342_t000044.738s.jpg,dataset/masks_semantic/00101_20260212_161655_f00001342_t000044.738s.png,dataset/masks_overall/00101_20260212_161655_f00001342_t000044.738s.png,4320,7680,143,4320,7680,1,,video frame,2026:02:12 16:16:55,5742871,5706612,22d7113db39b344bbcf3ed40c6f97b6497f56ffcda408e0587a87ccebd6f87f2,bf5d376ec5cadeda748aef04d7dded640fa46af7a1ffc8a2c5fa537034b8d03b,1477160,0,28,0,105.6568832397461,59.75103759765625,2584.9189453125,118.33517456054688,102,dataset/masks_binary/green_immature/00101_20260212_161655_f00001342_t000044.738s.png,1047114,69,3.156087239583333,2,dataset/masks_binary/pale_pink/00101_20260212_161655_f00001342_t000044.738s.png,27268,2,0.0821879822530864,8,dataset/masks_binary/pink_turns_purple/00101_20260212_161655_f00001342_t000044.738s.png,214909,8,0.647753303433642,9,dataset/masks_binary/fully_ripe/00101_20260212_161655_f00001342_t000044.738s.png,50684,12,0.1527657214506173,22,dataset/masks_binary/over_ripe/00101_20260212_161655_f00001342_t000044.738s.png,137213,18,0.4135712046682099
00104_20260212_161655_f00001388_t000046.271s,00104_20260212_161655_f00001388_t000046.271s.jpg,frames_set_1,video_frame,filename_derived,2026:02:12 16:16:55,train,dataset/images/00104_20260212_161655_f00001388_t000046.271s.jpg,dataset/masks_semantic/00104_20260212_161655_f00001388_t000046.271s.png,dataset/masks_overall/00104_20260212_161655_f00001388_t000046.271s.png,4320,7680,209,4320,7680,1,,video frame,2026:02:12 16:16:55,6032168,5974433,94cb6c316ffedcafe4293fcc662e88cf85b4183b10095c8bb3d4944308016e1b,ed86434da3038847afa39c83dddb279172b8d44334f56f0f31b8eea52eaf650f,2970938,0,39,0,111.04497528076172,61.82923889160156,2962.947509765625,113.5619888305664,136,dataset/masks_binary/green_immature/00104_20260212_161655_f00001388_t000046.271s.png,1926244,65,5.805856963734568,6,dataset/masks_binary/pale_pink/00104_20260212_161655_f00001388_t000046.271s.png,97272,6,0.2931857638888889,14,dataset/masks_binary/pink_turns_purple/00104_20260212_161655_f00001388_t000046.271s.png,116458,14,0.3510139371141975,30,dataset/masks_binary/fully_ripe/00104_20260212_161655_f00001388_t000046.271s.png,612699,20,1.846724898726852,23,dataset/masks_binary/over_ripe/00104_20260212_161655_f00001388_t000046.271s.png,218304,20,0.657986111111111
00107_20260212_161655_f00001422_t000047.405s,00107_20260212_161655_f00001422_t000047.405s.jpg,frames_set_1,video_frame,filename_derived,2026:02:12 16:16:55,train,dataset/images/00107_20260212_161655_f00001422_t000047.405s.jpg,dataset/masks_semantic/00107_20260212_161655_f00001422_t000047.405s.png,dataset/masks_overall/00107_20260212_161655_f00001422_t000047.405s.png,4320,7680,202,4320,7680,1,,video frame,2026:02:12 16:16:55,6502285,6409188,d41f499638d5eca7a35416ad279098fce4b92b0485f32c70909d43dcfc872d76,238682454aa30d4191513248e1580c6f776da92433dbe1f8e0c0150fa1db9d63,2846841,0,20,0,113.91012573242188,59.50949096679688,3228.890380859375,114.86087036132812,121,dataset/masks_binary/green_immature/00107_20260212_161655_f00001422_t000047.405s.png,1713680,69,5.165171682098765,12,dataset/masks_binary/pale_pink/00107_20260212_161655_f00001422_t000047.405s.png,104442,12,0.314796730324074,13,dataset/masks_binary/pink_turns_purple/00107_20260212_161655_f00001422_t000047.405s.png,131394,13,0.3960322627314815,24,dataset/masks_binary/fully_ripe/00107_20260212_161655_f00001422_t000047.405s.png,533149,19,1.6069546923225309,32,dataset/masks_binary/over_ripe/00107_20260212_161655_f00001422_t000047.405s.png,364196,26,1.0977165316358026
00116_20260212_161655_f00001505_t000050.172s,00116_20260212_161655_f00001505_t000050.172s.jpg,frames_set_1,video_frame,filename_derived,2026:02:12 16:16:55,train,dataset/images/00116_20260212_161655_f00001505_t000050.172s.jpg,dataset/masks_semantic/00116_20260212_161655_f00001505_t000050.172s.png,dataset/masks_overall/00116_20260212_161655_f00001505_t000050.172s.png,4320,7680,135,4320,7680,1,,video frame,2026:02:12 16:16:55,6759335,6651649,5fb411e1e8214ebf964a8d2ecb775cb5d5011d4a1cc28bca5921cf71d9168f1e,95c07077e7ce74fa4a333b96acfb6ba950617351985f5c42840e93cfe581c8fb,1457676,0,9,0,122.75664520263672,64.27705383300781,3339.889404296875,134.9025115966797,95,dataset/masks_binary/green_immature/00116_20260212_161655_f00001505_t000050.172s.png,829874,58,2.5013081114969133,3,dataset/masks_binary/pale_pink/00116_20260212_161655_f00001505_t000050.172s.png,82841,3,0.2496895495756173,10,dataset/masks_binary/pink_turns_purple/00116_20260212_161655_f00001505_t000050.172s.png,128078,10,0.3860375675154321,18,dataset/masks_binary/fully_ripe/00116_20260212_161655_f00001505_t000050.172s.png,200682,15,0.6048719618055556,9,dataset/masks_binary/over_ripe/00116_20260212_161655_f00001505_t000050.172s.png,216210,7,0.6516746238425926
00118_20260212_161655_f00001544_t000051.472s,00118_20260212_161655_f00001544_t000051.472s.jpg,frames_set_1,video_frame,filename_derived,2026:02:12 16:16:55,train,dataset/images/00118_20260212_161655_f00001544_t000051.472s.jpg,dataset/masks_semantic/00118_20260212_161655_f00001544_t000051.472s.png,dataset/masks_overall/00118_20260212_161655_f00001544_t000051.472s.png,4320,7680,88,4320,7680,1,,video frame,2026:02:12 16:16:55,4812412,4797383,15f85d15bb702b59e899cc73438b8cce60192209c4d19efa8d3a03281052a444,13327fb5a29c66bde39a3085bc6c454380602d020294a9473e74d7c940dbd7b7,1042762,0,1,0,115.2618408203125,70.16342163085938,1492.94970703125,174.12164306640625,74,dataset/masks_binary/green_immature/00118_20260212_161655_f00001544_t000051.472s.png,735661,39,2.2173424238040123,1,dataset/masks_binary/pale_pink/00118_20260212_161655_f00001544_t000051.472s.png,25984,1,0.0783179012345679,6,dataset/masks_binary/pink_turns_purple/00118_20260212_161655_f00001544_t000051.472s.png,69661,6,0.2099639515817901,1,dataset/masks_binary/fully_ripe/00118_20260212_161655_f00001544_t000051.472s.png,4481,1,0.0135061005015432,6,dataset/masks_binary/over_ripe/00118_20260212_161655_f00001544_t000051.472s.png,206976,2,0.6238425925925926
00124_20260212_161655_f00001622_t000054.072s,00124_20260212_161655_f00001622_t000054.072s.jpg,frames_set_1,video_frame,filename_derived,2026:02:12 16:16:55,train,dataset/images/00124_20260212_161655_f00001622_t000054.072s.jpg,dataset/masks_semantic/00124_20260212_161655_f00001622_t000054.072s.png,dataset/masks_overall/00124_20260212_161655_f00001622_t000054.072s.png,4320,7680,188,4320,7680,1,,video frame,2026:02:12 16:16:55,6173187,6108552,75e5065c44dc2722ae76be531c64de59483315d5a310ff6868807d32b195b24d,5ff1b95284674961f8d4bd63cdd1650f9b08bf5d987fdf6521ac3f6e710ff738,2324881,0,10,0,117.287841796875,59.84323501586914,2961.60400390625,125.50767517089844,158,dataset/masks_binary/green_immature/00124_20260212_161655_f00001622_t000054.072s.png,1893923,94,5.708438826195987,0,dataset/masks_binary/pale_pink/00124_20260212_161655_f00001622_t000054.072s.png,0,0,0.0,4,dataset/masks_binary/pink_turns_purple/00124_20260212_161655_f00001622_t000054.072s.png,84920,4,0.2559558256172839,16,dataset/masks_binary/fully_ripe/00124_20260212_161655_f00001622_t000054.072s.png,216054,13,0.6512044270833333,10,dataset/masks_binary/over_ripe/00124_20260212_161655_f00001622_t000054.072s.png,129994,7,0.3918125482253086
00126_20260212_161655_f00001675_t000055.839s,00126_20260212_161655_f00001675_t000055.839s.jpg,frames_set_1,video_frame,filename_derived,2026:02:12 16:16:55,train,dataset/images/00126_20260212_161655_f00001675_t000055.839s.jpg,dataset/masks_semantic/00126_20260212_161655_f00001675_t000055.839s.png,dataset/masks_overall/00126_20260212_161655_f00001675_t000055.839s.png,4320,7680,117,4320,7680,1,,video frame,2026:02:12 16:16:55,5525893,5491702,60693b7460bc8586a5990e0aad0e0ea5f2337b4c2e2fbe8acc9145e624a15021,1935fbfb43c2cd870131629057c73c9c9f90deeb3601cec897008e05716e05fd,2371806,0,3,0,110.54281616210938,62.79720306396485,2244.4111328125,123.51988220214844,88,dataset/masks_binary/green_immature/00126_20260212_161655_f00001675_t000055.839s.png,1654099,46,4.98558967496142,5,dataset/masks_binary/pale_pink/00126_20260212_161655_f00001675_t000055.839s.png,19079,5,0.0575056664737654,2,dataset/masks_binary/pink_turns_purple/00126_20260212_161655_f00001675_t000055.839s.png,43993,2,0.1325985001929012,10,dataset/masks_binary/fully_ripe/00126_20260212_161655_f00001675_t000055.839s.png,193210,8,0.5823507426697531,12,dataset/masks_binary/over_ripe/00126_20260212_161655_f00001675_t000055.839s.png,461428,9,1.3907817322530864
00127_20260212_161655_f00001703_t000056.772s,00127_20260212_161655_f00001703_t000056.772s.jpg,frames_set_1,video_frame,filename_derived,2026:02:12 16:16:55,test,dataset/images/00127_20260212_161655_f00001703_t000056.772s.jpg,dataset/masks_semantic/00127_20260212_161655_f00001703_t000056.772s.png,dataset/masks_overall/00127_20260212_161655_f00001703_t000056.772s.png,4320,7680,155,4320,7680,1,,video frame,2026:02:12 16:16:55,5831695,5779170,3966b26886fec6f963127d1b7aff37dd383f937f08e4ca429eb30a76905cdcc3,b5b336b3ce324383244e4b707b4ec726e4f3a229e7611c491ed57dc01d6a4d26,2738015,0,21,0,113.5526885986328,60.47178649902344,2813.713134765625,113.02417755126952,108,dataset/masks_binary/green_immature/00127_20260212_161655_f00001703_t000056.772s.png,1727249,59,5.206069757908951,2,dataset/masks_binary/pale_pink/00127_20260212_161655_f00001703_t000056.772s.png,52488,2,0.158203125,7,dataset/masks_binary/pink_turns_purple/00127_20260212_161655_f00001703_t000056.772s.png,200200,7,0.6034191743827161,27,dataset/masks_binary/fully_ripe/00127_20260212_161655_f00001703_t000056.772s.png,510282,16,1.5380316840277777,11,dataset/masks_binary/over_ripe/00127_20260212_161655_f00001703_t000056.772s.png,247817,9,0.7469407069830246
00132_20260212_161655_f00001754_t000058.472s,00132_20260212_161655_f00001754_t000058.472s.jpg,frames_set_1,video_frame,filename_derived,2026:02:12 16:16:55,train,dataset/images/00132_20260212_161655_f00001754_t000058.472s.jpg,dataset/masks_semantic/00132_20260212_161655_f00001754_t000058.472s.png,dataset/masks_overall/00132_20260212_161655_f00001754_t000058.472s.png,4320,7680,181,4320,7680,1,,video frame,2026:02:12 16:16:55,5801244,5749085,8c29385d2c13e82388b4d5f942570d0271467c8073956a201c52ce64006a7de4,945236f956e3b159ff08f2c7026146622a5fe0bcf57ad40258cca0abd3affbde,3302464,0,14,0,117.12894439697266,62.61943435668945,2764.649658203125,103.19998168945312,157,dataset/masks_binary/green_immature/00132_20260212_161655_f00001754_t000058.472s.png,2726811,82,8.218831380208332,1,dataset/masks_binary/pale_pink/00132_20260212_161655_f00001754_t000058.472s.png,18315,1,0.0552029079861111,7,dataset/masks_binary/pink_turns_purple/00132_20260212_161655_f00001754_t000058.472s.png,159181,7,0.479784553433642,10,dataset/masks_binary/fully_ripe/00132_20260212_161655_f00001754_t000058.472s.png,225635,9,0.6800823447145061,6,dataset/masks_binary/over_ripe/00132_20260212_161655_f00001754_t000058.472s.png,172536,4,0.5200376157407407
